priority,score,detected_first,place_id,name,formatted_address,ward,rating,user_rating_count,business_status,google_maps_uri
A,84.04,2026-02-27,ChI1Pw1rZfJkoRoaYcEoy4xFZgv,Nalu Studio Omotesando,東京都文京区本郷一丁目5-1-2 □□タワー,文京区,4.3,39,OPERATIONAL,https://www.google.com/maps/search/?api=1&query_place_id=ChI1Pw1rZfJkoRoaYcEoy4xFZgv
A,79.98,2026-02-22,ChIztHB2VpGrzK7vPhLjKVjb9dO,Nico Beauty Ginza,東京都杉並区阿佐ヶ谷3-7-1 〇〇ビル,杉並区,4.5,41,OPERATIONAL,https://www.google.com/maps/search/?api=1&query_place_id=ChIztHB2VpGrzK7vPhLjKVjb9dO
A,75.64,2026-02-27,ChIsaiCy9Xs5zimo6FGxPqqWKpn,Lumi Lounge Kichijoji,東京都板橋区成増四丁目4-2-6 ルミエール,板橋区,4.3,25,OPERATIONAL,https://www.google.com/maps/search/?api=1&query_place_id=ChIsaiCy9Xs5zimo6FGxPqqWKpn
A,71.45,2026-02-23,ChI9wVGFYGW2WmQzCudiH7YFjS1,Rosa Studio Shibuya,東京都中野区東中野二丁目2-5-8 △△レジデンス,中野区,4.5,24,OPERATIONAL,https://www.google.com/maps/search/?api=1&query_place_id=ChI9wVGFYGW2WmQzCudiH7YFjS1
A,68.32,2026-02-24,ChIOHMyIPyfBXjkXdzjIn4FETZt,Mimi Works Ebisu,東京都江戸川区船堀一丁目3-7-1 グリーンハイツ,江戸川区,4.5,16,OPERATIONAL,https://www.google.com/maps/search/?api=1&query_place_id=ChIOHMyIPyfBXjkXdzjIn4FETZt
A,67.59,2026-02-21,ChIhXnwfocwDNRjI7Sc4sfHBomz,Aile Beauty Kagurazaka,東京都千代田区麹町三丁目1-2-3 △△レジデンス,千代田区,4.7,18,OPERATIONAL,https://www.google.com/maps/search/?api=1&query_place_id=ChIhXnwfocwDNRjI7Sc4sfHBomz
A,66.86,2026-02-24,ChIXZdxrlsgJWBeGSa69FH18uJW,Nalu Studio Omotesando,東京都荒川区町屋四丁目2-5-8 サンライトビル,荒川区,4.6,11,OPERATIONAL,https://www.google.com/maps/search/?api=1&query_place_id=ChIXZdxrlsgJWBeGSa69FH18uJW
A,62.77,2026-02-22,ChIiZN9b0NfRU1SVjkIk2fyV5rw,Lumi Salon Tokyo,東京都杉並区荻窪二丁目1-2-3 ルミエール,杉並区,4.2,20,OPERATIONAL,https://www.google.com/maps/search/?api=1&query_place_id=ChIiZN9b0NfRU1SVjkIk2fyV5rw
A,59.85,2026-02-22,ChI0LiSUGFUqSTcmtbKscWcCu36,Sora Lounge Kagurazaka,東京都港区芝1-1-9 グリーンハイツ,港区,4.4,10,OPERATIONAL,https://www.google.com/maps/search/?api=1&query_place_id=ChI0LiSUGFUqSTcmtbKscWcCu36
A,58.86,2026-02-19,ChIqonVF08wPrTOzMJBCPen2xEd,Nico Atelier Ebisu,東京都台東区蔵前3-7-1 グリーンハイツ,台東区,4.7,9,OPERATIONAL,https://www.google.com/maps/search/?api=1&query_place_id=ChIqonVF08wPrTOzMJBCPen2xEd
A,58.44,2026-02-23,ChIRycfOWj8YbLrlqYFxnSzPtEF,Nalu Beauty Ebisu,東京都練馬区石神井二丁目1-2-3 コーポさくら,練馬区,4.2,10,OPERATIONAL,https://www.google.com/maps/search/?api=1&query_place_id=ChIRycfOWj8YbLrlqYFxnSzPtEF
A,57.76,2026-02-23,ChIgCCCItVzehdJm5gIU7nUKZnv,Nalu Studio Omotesando,東京都文京区本郷四丁目4-2-6 サンライトビル,文京区,4.0,14,OPERATIONAL,https://www.google.com/maps/search/?api=1&query_place_id=ChIgCCCItVzehdJm5gIU7nUKZnv
A,55.57,2026-02-22,ChIdcCDX1SEp32FnmgYdlj9yv5C,Kuu Atelier Kichijoji,東京都中央区月島四丁目1-2-3 □□タワー,中央区,4.2,8,OPERATIONAL,https://www.google.com/maps/search/?api=1&query_place_id=ChIdcCDX1SEp32FnmgYdlj9yv5C
A,53.83,2026-02-21,ChI8MFPuafjwPseptfcyBFSOZsP,Nalu Studio Omotesando,東京都江戸川区葛西四丁目1-2-3 グリーンハイツ,江戸川区,4.0,13,OPERATIONAL,https://www.google.com/maps/search/?api=1&query_place_id=ChI8MFPuafjwPseptfcyBFSOZsP
A,49.93,2026-02-14,ChIIwtecnA5FBQN1Jj8umhbHxSP,Nalu HAIR,東京都中央区月島三丁目5-1-2 ルミエール,中央区,4.7,8,OPERATIONAL,https://www.google.com/maps/search/?api=1&query_place_id=ChIIwtecnA5FBQN1Jj8umhbHxSP
A,49.77,2026-02-16,ChIc5gJ1bF86O0c4W7BaDZgXPYF,Sora Atelier,東京都新宿区神楽坂2-5-8 □□タワー,新宿区,4.2,15,OPERATIONAL,https://www.google.com/maps/search/?api=1&query_place_id=ChIc5gJ1bF86O0c4W7BaDZgXPYF
A,46.77,2026-02-16,ChIo0fFeWaVUqG2KVasfSq8Z0wj,Lumi Works Tokyo,東京都杉並区阿佐ヶ谷一丁目4-2-6 サンライトビル,杉並区,4.2,10,OPERATIONAL,https://www.google.com/maps/search/?api=1&query_place_id=ChIo0fFeWaVUqG2KVasfSq8Z0wj
A,45.24,2026-02-14,ChImrt3DPvCZcOiNw3xDIgSO06u,Noa Studio Kichijoji,東京都港区六本木四丁目1-2-3 サンライトビル,港区,4.2,13,OPERATIONAL,https://www.google.com/maps/search/?api=1&query_place_id=ChImrt3DPvCZcOiNw3xDIgSO06u
B,67.06,2026-02-27,ChIyjqtfJMSN9DlviDvUDDleg62,Haru Beauty,東京都杉並区阿佐ヶ谷三丁目5-1-2 コーポさくら,杉並区,4.6,3,OPERATIONAL,https://www.google.com/maps/search/?api=1&query_place_id=ChIyjqtfJMSN9DlviDvUDDleg62
B,64.92,2026-02-27,ChIaLMIyi4Xhg6R1KQ608e9zSv3,Sora HAIR Omotesando,東京都文京区本郷二丁目3-7-1 コーポさくら,文京区,4.5,2,OPERATIONAL,https://www.google.com/maps/search/?api=1&query_place_id=ChIaLMIyi4Xhg6R1KQ608e9zSv3
B,64.32,2026-02-27,ChIsrbz86LG6GhJPMnhQ0WRyZFX,Nico Works Shibuya,東京都荒川区西日暮里4-2-6 ルミエール,荒川区,4.5,1,OPERATIONAL,https://www.google.com/maps/search/?api=1&query_place_id=ChIsrbz86LG6GhJPMnhQ0WRyZFX
B,62.57,2026-02-26,ChIdP37Ecz32jGDpi1AF7w2PKaf,Kuu Atelier Ebisu,東京都杉並区高円寺三丁目2-5-8 □□タワー,杉並区,4.3,6,OPERATIONAL,https://www.google.com/maps/search/?api=1&query_place_id=ChIdP37Ecz32jGDpi1AF7w2PKaf
B,62.57,2026-02-26,ChIQtkoEfdgXDf2kKXKQxG5kruH,Aile Salon,東京都大田区大森二丁目4-2-6 〇〇ビル,大田区,4.3,6,OPERATIONAL,https://www.google.com/maps/search/?api=1&query_place_id=ChIQtkoEfdgXDf2kKXKQxG5kruH
B,62.31,2026-02-26,ChI4PXSKc1itTnzphAq0jT7qG84,Rin Room Tokyo,東京都北区王子一丁目3-7-1 〇〇ビル,北区,4.4,3,OPERATIONAL,https://www.google.com/maps/search/?api=1&query_place_id=ChI4PXSKc1itTnzphAq0jT7qG84
B,60.64,2026-02-27,ChIp9BDe2ZbrGft6cE5FUmJEIRn,Rosa Studio Ebisu,東京都練馬区練馬四丁目3-7-1 サンライトビル,練馬区,4.3,0,OPERATIONAL,https://www.google.com/maps/search/?api=1&query_place_id=ChIp9BDe2ZbrGft6cE5FUmJEIRn
B,60.64,2026-02-27,ChI41xjolLx9Ibg63D1HhJTKKU7,Mimi Atelier Kichijoji,東京都杉並区阿佐ヶ谷四丁目3-7-1 △△レジデンス,杉並区,4.3,0,OPERATIONAL,https://www.google.com/maps/search/?api=1&query_place_id=ChI41xjolLx9Ibg63D1HhJTKKU7
B,60.64,2026-02-27,ChIIyN0NzDkWiRmiKUtSSkR82g5,Rosa HAIR Ginza,東京都江戸川区船堀三丁目2-5-8 グリーンハイツ,江戸川区,4.3,0,OPERATIONAL,https://www.google.com/maps/search/?api=1&query_place_id=ChIIyN0NzDkWiRmiKUtSSkR82g5
B,59.58,2026-02-24,ChIRGIFLbcjjgaGBFWjFmmyU3YA,Nalu Lounge Ebisu,東京都千代田区丸の内三丁目3-7-1 ルミエール,千代田区,4.4,4,OPERATIONAL,https://www.google.com/maps/search/?api=1&query_place_id=ChIRGIFLbcjjgaGBFWjFmmyU3YA
B,59.53,2026-02-21,ChIYHPfomEh4AX7UIY31kaXirLw,Kuu HAIR,東京都渋谷区代官山2-5-8 サンライトビル,渋谷区,4.8,2,OPERATIONAL,https://www.google.com/maps/search/?api=1&query_place_id=ChIYHPfomEh4AX7UIY31kaXirLw
B,58.22,2026-02-26,ChI3rxvD6mvf155SxzOmzWOoMnQ,Rosa Beauty Tokyo,東京都千代田区麹町二丁目1-2-3 グリーンハイツ,千代田区,3.9,9,OPERATIONAL,https://www.google.com/maps/search/?api=1&query_place_id=ChI3rxvD6mvf155SxzOmzWOoMnQ
B,58.04,2026-02-26,ChI9shdDjP62HdIzdqhjmU8w5cn,Mimi Lounge Omotesando,東京都新宿区四谷一丁目2-5-8 ルミエール,新宿区,4.2,1,OPERATIONAL,https://www.google.com/maps/search/?api=1&query_place_id=ChI9shdDjP62HdIzdqhjmU8w5cn
B,57.91,2026-02-25,ChI1XKXWNqRs7rpEmoKiuPKdYR7,Rosa Atelier Kichijoji,東京都新宿区四谷二丁目1-1-9 コーポさくら,新宿区,4.3,1,OPERATIONAL,https://www.google.com/maps/search/?api=1&query_place_id=ChI1XKXWNqRs7rpEmoKiuPKdYR7
B,57.36,2026-02-26,ChIgkPtJSbAnWPkaLqqFhXE9hig,Haru Salon Ebisu,東京都豊島区目白四丁目1-2-3 コーポさくら,豊島区,4.0,5,OPERATIONAL,https://www.google.com/maps/search/?api=1&query_place_id=ChIgkPtJSbAnWPkaLqqFhXE9hig
B,56.67,2026-02-20,ChIqJ6WT9psqZImt8FTjYpyV0Iq,Mimi HAIR Ebisu,東京都練馬区練馬二丁目1-2-3 グリーンハイツ,練馬区,4.8,0,OPERATIONAL,https://www.google.com/maps/search/?api=1&query_place_id=ChIqJ6WT9psqZImt8FTjYpyV0Iq
B,55.56,2026-02-24,ChIaSJMVOYk1Pfjp8rVQw0f9upv,Kuu Works Ginza,東京都品川区天王洲四丁目4-2-6 コーポさくら,品川区,4.1,5,OPERATIONAL,https://www.google.com/maps/search/?api=1&query_place_id=ChIaSJMVOYk1Pfjp8rVQw0f9upv
B,55.38,2026-02-22,ChIJtRFC6O52has5XdvFlGgIo0Z,moi Salon Ebisu,東京都北区赤羽三丁目1-1-9 〇〇ビル,北区,4.5,0,OPERATIONAL,https://www.google.com/maps/search/?api=1&query_place_id=ChIJtRFC6O52has5XdvFlGgIo0Z
B,55.17,2026-02-23,ChIxn6e32vuDtIhNjUqehYU9Ld6,Haru Studio Kichijoji,東京都文京区小石川一丁目1-1-9 グリーンハイツ,文京区,4.3,2,OPERATIONAL,https://www.google.com/maps/search/?api=1&query_place_id=ChIxn6e32vuDtIhNjUqehYU9Ld6
B,55.09,2026-02-25,ChIrc3NF5GIwHluYW9bUyIPRpFP,Haru Room,東京都足立区西新井一丁目1-1-9 グリーンハイツ,足立区,4.0,4,OPERATIONAL,https://www.google.com/maps/search/?api=1&query_place_id=ChIrc3NF5GIwHluYW9bUyIPRpFP
B,54.96,2026-02-24,ChIXi0wCwuciNbGv1pwPT3CcQW3,moi Works Tokyo,東京都新宿区新宿二丁目4-2-6 ルミエール,新宿区,4.1,4,OPERATIONAL,https://www.google.com/maps/search/?api=1&query_place_id=ChIXi0wCwuciNbGv1pwPT3CcQW3
B,53.35,2026-02-22,ChIT2rmzHykyCWibqXEgpVA2a0f,moi Lounge Kichijoji,東京都足立区北千住5-1-2 ルミエール,足立区,3.9,12,OPERATIONAL,https://www.google.com/maps/search/?api=1&query_place_id=ChIT2rmzHykyCWibqXEgpVA2a0f
B,53.17,2026-02-13,ChII3dLDQYUNdUVw4YRw81aQ1Fe,Lumi Salon Kichijoji,東京都渋谷区渋谷5-1-2 サンライトビル,渋谷区,4.2,29,OPERATIONAL,https://www.google.com/maps/search/?api=1&query_place_id=ChII3dLDQYUNdUVw4YRw81aQ1Fe
B,53.16,2026-02-24,ChImDTqvqvLHAtIsAKf8Whhy0uQ,Rin Studio Ginza,東京都港区芝1-1-9 グリーンハイツ,港区,4.1,1,OPERATIONAL,https://www.google.com/maps/search/?api=1&query_place_id=ChImDTqvqvLHAtIsAKf8Whhy0uQ
B,52.78,2026-02-21,ChIQxQtcNnSs6fMHI2EcL5tcFzr,Sora Studio Tokyo,東京都豊島区目白三丁目4-2-6 〇〇ビル,豊島区,4.4,1,OPERATIONAL,https://www.google.com/maps/search/?api=1&query_place_id=ChIQxQtcNnSs6fMHI2EcL5tcFzr
B,52.56,2026-02-24,ChIG7VSdpihf48I2gdRMzHVKudp,Nalu Beauty,東京都中央区銀座二丁目4-2-6 グリーンハイツ,中央区,4.1,0,OPERATIONAL,https://www.google.com/maps/search/?api=1&query_place_id=ChIG7VSdpihf48I2gdRMzHVKudp
B,52.44,2026-02-23,ChIF4DJKwnDrFRcqbfmcaRNwgHW,Nico HAIR Kagurazaka,東京都目黒区学芸大学二丁目4-2-6 グリーンハイツ,目黒区,4.2,0,OPERATIONAL,https://www.google.com/maps/search/?api=1&query_place_id=ChIF4DJKwnDrFRcqbfmcaRNwgHW
B,52.31,2026-02-22,ChIQiHdXrvrQlY0o8XGrOeBn48j,Sora Atelier Tokyo,東京都渋谷区代官山1-1-9 〇〇ビル,渋谷区,4.3,0,OPERATIONAL,https://www.google.com/maps/search/?api=1&query_place_id=ChIQiHdXrvrQlY0o8XGrOeBn48j
B,51.75,2026-02-25,ChIHaW3q8wb36uD9SmTWGkgNJqe,Aile HAIR Kichijoji,東京都板橋区大山四丁目3-7-1 コーポさくら,板橋区,3.9,1,OPERATIONAL,https://www.google.com/maps/search/?api=1&query_place_id=ChIHaW3q8wb36uD9SmTWGkgNJqe
B,51.42,2026-02-23,ChIKU2hcHrNtlfF5gczDdIgadkD,Haru Works Kagurazaka,東京都北区赤羽四丁目4-2-6 △△レジデンス,北区,3.9,6,OPERATIONAL,https://www.google.com/maps/search/?api=1&query_place_id=ChIKU2hcHrNtlfF5gczDdIgadkD
B,50.64,2026-02-21,ChIDZRM9H820dFqNpomBDyVPIyk,Aile HAIR Shibuya,東京都新宿区神楽坂四丁目5-1-2 □□タワー,新宿区,4.3,0,OPERATIONAL,https://www.google.com/maps/search/?api=1&query_place_id=ChIDZRM9H820dFqNpomBDyVPIyk
B,50.44,2026-02-20,ChIXnOO9IeJdvmXasj6ewizq0Nw,Aile HAIR Omotesando,東京都江戸川区葛西5-1-2 □□タワー,江戸川区,4.2,5,OPERATIONAL,https://www.google.com/maps/search/?api=1&query_place_id=ChIXnOO9IeJdvmXasj6ewizq0Nw
B,49.42,2026-02-20,ChIbsIeEOYFuzGGUX4TIYx0w3Ip,Rosa Beauty Tokyo,東京都千代田区神田二丁目1-2-3 ルミエール,千代田区,3.9,11,OPERATIONAL,https://www.google.com/maps/search/?api=1&query_place_id=ChIbsIeEOYFuzGGUX4TIYx0w3Ip
B,48.17,2026-02-17,ChItNZ6PjUxSYdipWTQXg4fdGzu,Kuu Studio Shibuya,東京都新宿区四谷一丁目5-1-2 グリーンハイツ,新宿区,4.3,7,OPERATIONAL,https://www.google.com/maps/search/?api=1&query_place_id=ChItNZ6PjUxSYdipWTQXg4fdGzu
B,47.62,2026-02-20,ChIQ60EBEM5pczIF521zVHC8dDK,Noa Lounge Ebisu,東京都葛飾区新小岩4-2-6 グリーンハイツ,葛飾区,3.9,8,OPERATIONAL,https://www.google.com/maps/search/?api=1&query_place_id=ChIQ60EBEM5pczIF521zVHC8dDK
B,47.28,2026-02-20,ChIVjwiYd7U3MsPkYO2xaCUvet6,Nico Lounge Ginza,東京都文京区小石川四丁目1-1-9 □□タワー,文京区,3.8,10,OPERATIONAL,https://www.google.com/maps/search/?api=1&query_place_id=ChIVjwiYd7U3MsPkYO2xaCUvet6
B,47.15,2026-02-19,ChIPOIvGrv5iFlbCBFNOgmBjMtp,Mimi Lounge Shibuya,東京都足立区北千住5-1-2 □□タワー,足立区,3.9,10,OPERATIONAL,https://www.google.com/maps/search/?api=1&query_place_id=ChIPOIvGrv5iFlbCBFNOgmBjMtp
B,46.16,2026-02-18,ChIu74kkePyezaMGGqbWbad3uDr,Rosa HAIR,東京都葛飾区金町一丁目4-2-6 △△レジデンス,葛飾区,4.1,6,OPERATIONAL,https://www.google.com/maps/search/?api=1&query_place_id=ChIu74kkePyezaMGGqbWbad3uDr
B,46.15,2026-02-22,ChINRwtzyEkGz3iLXUMdHQq3fh9,Rosa Studio Ebisu,東京都中野区東中野5-1-2 △△レジデンス,中野区,3.9,0,OPERATIONAL,https://www.google.com/maps/search/?api=1&query_place_id=ChINRwtzyEkGz3iLXUMdHQq3fh9
B,45.9,2026-02-20,ChI2mrycCIEPxpXXY8kCmJrc8XX,Kuu HAIR Ginza,東京都北区田端一丁目1-2-3 △△レジデンス,北区,4.1,0,OPERATIONAL,https://www.google.com/maps/search/?api=1&query_place_id=ChI2mrycCIEPxpXXY8kCmJrc8XX
B,45.17,2026-02-17,ChIHuMUHvi8wsLMNveRulwhmSG1,Aile Room Shibuya,東京都杉並区阿佐ヶ谷二丁目3-7-1 △△レジデンス,杉並区,4.3,2,OPERATIONAL,https://www.google.com/maps/search/?api=1&query_place_id=ChIHuMUHvi8wsLMNveRulwhmSG1
B,44.51,2026-02-13,ChIP935K0U7kuUMwKfgdf4TfBF8,Nico Works Shibuya,東京都中央区月島三丁目4-2-6 サンライトビル,中央区,4.3,12,OPERATIONAL,https://www.google.com/maps/search/?api=1&query_place_id=ChIP935K0U7kuUMwKfgdf4TfBF8
B,41.97,2026-02-16,ChIZB9UKz8nd1s6XFb2GPblZhFZ,Nalu Studio Shibuya,東京都江戸川区船堀三丁目3-7-1 〇〇ビル,江戸川区,4.2,2,OPERATIONAL,https://www.google.com/maps/search/?api=1&query_place_id=ChIZB9UKz8nd1s6XFb2GPblZhFZ
B,40.92,2026-02-09,ChIUNpfZ46pdJQIPvjiQvlb5lZX,Aile Beauty Omotesando,東京都品川区大井町一丁目4-2-6 コーポさくら,品川区,4.5,12,OPERATIONAL,https://www.google.com/maps/search/?api=1&query_place_id=ChIUNpfZ46pdJQIPvjiQvlb5lZX
B,39.97,2026-02-13,ChIusMtTZqpXc5hcHPOEVBljOlO,Lumi HAIR,東京都練馬区石神井一丁目4-2-6 ルミエール,練馬区,4.2,7,OPERATIONAL,https://www.google.com/maps/search/?api=1&query_place_id=ChIusMtTZqpXc5hcHPOEVBljOlO
B,39.71,2026-02-11,ChIwfG3AkSeecVL9DQ83eH0EZfE,Noa Salon Ginza,東京都中央区月島一丁目5-1-2 ルミエール,中央区,4.4,7,OPERATIONAL,https://www.google.com/maps/search/?api=1&query_place_id=ChIwfG3AkSeecVL9DQ83eH0EZfE
B,37.31,2026-02-13,ChIPQNVpF7c2XFiu1MDRYrmmC3E,Aile Atelier Omotesando,東京都中野区野方四丁目2-5-8 サンライトビル,中野区,4.3,0,OPERATIONAL,https://www.google.com/maps/search/?api=1&query_place_id=ChIPQNVpF7c2XFiu1MDRYrmmC3E
B,37.06,2026-02-09,ChILCPtcchhnKXX6SYaxVrmDyop,Sora HAIR Kichijoji,東京都大田区田園調布4-2-6 コーポさくら,大田区,4.6,3,OPERATIONAL,https://www.google.com/maps/search/?api=1&query_place_id=ChILCPtcchhnKXX6SYaxVrmDyop
B,36.43,2026-02-12,ChIedb0ulRU2P17FR4cPwdknqYV,Lumi Works Kichijoji,東京都足立区綾瀬四丁目4-2-6 ルミエール,足立区,4.0,9,OPERATIONAL,https://www.google.com/maps/search/?api=1&query_place_id=ChIedb0ulRU2P17FR4cPwdknqYV
B,36.38,2026-02-07,ChItSs3dErO7Qyyolqz7MbHiOpJ,Nalu Beauty Tokyo,東京都豊島区巣鴨2-5-8 □□タワー,豊島区,4.5,10,OPERATIONAL,https://www.google.com/maps/search/?api=1&query_place_id=ChItSs3dErO7Qyyolqz7MbHiOpJ
B,35.82,2026-02-14,ChIxhYc6cT3lbTknDn9vG8wNoNQ,Rosa HAIR Ginza,東京都中野区野方四丁目4-2-6 △△レジデンス,中野区,3.9,5,OPERATIONAL,https://www.google.com/maps/search/?api=1&query_place_id=ChIxhYc6cT3lbTknDn9vG8wNoNQ
B,34.98,2026-02-06,ChIqoGxlvwVICWiV0pL1xrdseoL,Rin HAIR Omotesando,東京都世田谷区下北沢二丁目2-5-8 コーポさくら,世田谷区,4.4,13,OPERATIONAL,https://www.google.com/maps/search/?api=1&query_place_id=ChIqoGxlvwVICWiV0pL1xrdseoL
B,34.76,2026-02-09,ChIqA5zd5SriKEc8WlTo9bsQd2T,Aile Lounge Omotesando,東京都江東区門前仲町二丁目1-1-9 □□タワー,江東区,4.1,12,OPERATIONAL,https://www.google.com/maps/search/?api=1&query_place_id=ChIqA5zd5SriKEc8WlTo9bsQd2T
B,34.57,2026-02-11,ChIJQMLmJwwpEL8xofdwkwlcr74,Noa Studio Kichijoji,東京都世田谷区三軒茶屋一丁目2-5-8 〇〇ビル,世田谷区,4.3,1,OPERATIONAL,https://www.google.com/maps/search/?api=1&query_place_id=ChIJQMLmJwwpEL8xofdwkwlcr74
B,34.33,2026-02-05,ChI57y3C5WNrPqGWxj43anvJ77P,Rin Beauty Ebisu,東京都中野区中野3-7-1 □□タワー,中野区,4.7,7,OPERATIONAL,https://www.google.com/maps/search/?api=1&query_place_id=ChI57y3C5WNrPqGWxj43anvJ77P
B,34.33,2026-02-05,ChIP4iIYdXq8vs8ialvuJ4apG1f,Noa Lounge Kagurazaka,東京都中央区月島三丁目1-2-3 〇〇ビル,中央区,4.7,7,OPERATIONAL,https://www.google.com/maps/search/?api=1&query_place_id=ChIP4iIYdXq8vs8ialvuJ4apG1f
B,34.24,2026-02-11,ChIE8MIxxlGJGKcdUaHiW9xNcTd,Nalu HAIR Tokyo,東京都大田区大森三丁目3-7-1 △△レジデンス,大田区,4.2,3,OPERATIONAL,https://www.google.com/maps/search/?api=1&query_place_id=ChIE8MIxxlGJGKcdUaHiW9xNcTd
B,33.31,2026-02-07,ChIPRcEtSPRVU5iFIJOYsJtNEaa,Sora Works Ebisu,東京都足立区綾瀬四丁目1-1-9 コーポさくら,足立区,4.3,10,OPERATIONAL,https://www.google.com/maps/search/?api=1&query_place_id=ChIPRcEtSPRVU5iFIJOYsJtNEaa
B,32.78,2026-02-09,ChIjBm7q1sRBLRswT6VWAL3JkqZ,moi Beauty,東京都荒川区町屋四丁目5-1-2 コーポさくら,荒川区,4.4,1,OPERATIONAL,https://www.google.com/maps/search/?api=1&query_place_id=ChIjBm7q1sRBLRswT6VWAL3JkqZ
B,32.18,2026-02-07,ChIZqGLIeU7PAQYPcwR9VTlukAQ,Rosa Studio Shibuya,東京都渋谷区原宿四丁目3-7-1 〇〇ビル,渋谷区,4.5,3,OPERATIONAL,https://www.google.com/maps/search/?api=1&query_place_id=ChIZqGLIeU7PAQYPcwR9VTlukAQ
B,30.64,2026-02-09,ChIpQveNM0iR7jsRIGnvlPPDq5h,Aile Atelier,東京都目黒区学芸大学3-7-1 サンライトビル,目黒区,4.3,0,OPERATIONAL,https://www.google.com/maps/search/?api=1&query_place_id=ChIpQveNM0iR7jsRIGnvlPPDq5h
B,29.71,2026-02-07,ChI9WZgDrTQ0LB8Z2cjvjPGdGzy,Rin HAIR,東京都大田区蒲田5-1-2 △△レジデンス,大田区,4.3,4,OPERATIONAL,https://www.google.com/maps/search/?api=1&query_place_id=ChI9WZgDrTQ0LB8Z2cjvjPGdGzy
B,29.32,2026-02-04,ChI12E80qDwAaI1oOEtJANgdXDn,Rosa Works Omotesando,東京都荒川区町屋4-2-6 〇〇ビル,荒川区,4.6,4,OPERATIONAL,https://www.google.com/maps/search/?api=1&query_place_id=ChI12E80qDwAaI1oOEtJANgdXDn
B,25.95,2026-02-09,ChINbc4OaV0dZauGUbUqQX9Jr7e,moi HAIR Tokyo,東京都足立区西新井四丁目5-1-2 ルミエール,足立区,3.8,5,OPERATIONAL,https://www.google.com/maps/search/?api=1&query_place_id=ChINbc4OaV0dZauGUbUqQX9Jr7e
B,25.69,2026-02-07,ChIw0t0Z7ETKkPk12Yr5iVYwvIy,Mimi HAIR Kichijoji,東京都大田区蒲田一丁目4-2-6 △△レジデンス,大田区,4.0,5,OPERATIONAL,https://www.google.com/maps/search/?api=1&query_place_id=ChIw0t0Z7ETKkPk12Yr5iVYwvIy
B,24.29,2026-02-04,ChIxIwQSUHAfvbLIYitOgj1qzWE,Nico Salon Ebisu,東京都中央区銀座一丁目3-7-1 △△レジデンス,中央区,4.0,11,OPERATIONAL,https://www.google.com/maps/search/?api=1&query_place_id=ChIxIwQSUHAfvbLIYitOgj1qzWE
B,24.1,2026-02-06,ChIYjeDoAsKFf2bpyVk2G5h6CON,Mimi Works Kagurazaka,東京都足立区北千住1-1-9 サンライトビル,足立区,4.2,0,OPERATIONAL,https://www.google.com/maps/search/?api=1&query_place_id=ChIYjeDoAsKFf2bpyVk2G5h6CON
B,22.24,2026-02-02,ChIPdXlfxxMu5iwyPJA7aBOiWo1,Mimi Salon Kichijoji,東京都目黒区学芸大学二丁目5-1-2 グリーンハイツ,目黒区,4.2,8,OPERATIONAL,https://www.google.com/maps/search/?api=1&query_place_id=ChIPdXlfxxMu5iwyPJA7aBOiWo1
B,20.91,2026-02-01,ChIK374RFpXQFXq5pKDZoTuswOb,Rosa HAIR Tokyo,東京都中野区中野一丁目5-1-2 □□タワー,中野区,4.3,6,OPERATIONAL,https://www.google.com/maps/search/?api=1&query_place_id=ChIK374RFpXQFXq5pKDZoTuswOb
B,20.9,2026-02-03,ChIlmCnFaqlkhU7QNqtUPQZIqpT,Kuu Studio Tokyo,東京都江東区門前仲町4-2-6 △△レジデンス,江東区,4.2,3,OPERATIONAL,https://www.google.com/maps/search/?api=1&query_place_id=ChIlmCnFaqlkhU7QNqtUPQZIqpT
C,49.16,2026-02-18,ChI9QCGmbWuyUbmgHY5kMQCtbAh,Haru Atelier Kichijoji,東京都千代田区神田二丁目2-5-8 グリーンハイツ,千代田区,4.1,11,CLOSED_TEMPORARILY,https://www.google.com/maps/search/?api=1&query_place_id=ChI9QCGmbWuyUbmgHY5kMQCtbAh
C,48.33,2026-02-27,ChIQ562DFob1RCAVxIoQKvcjtbj,Lumi HAIR Tokyo,東京都大田区蒲田二丁目4-2-6 サンライトビル,大田区,,0,OPERATIONAL,https://www.google.com/maps/search/?api=1&query_place_id=ChIQ562DFob1RCAVxIoQKvcjtbj
C,47.01,2026-02-24,ChIMw9SUSpD6xFpkOivu27C66La,Rin Salon Ebisu,東京都台東区浅草三丁目1-1-9 コーポさくら,台東区,3.7,1,OPERATIONAL,https://www.google.com/maps/search/?api=1&query_place_id=ChIMw9SUSpD6xFpkOivu27C66La
C,46.67,2026-02-26,ChIpaOUPa6uUR0EkXHgr5DLOzhC,Nico HAIR Omotesando,東京都台東区上野四丁目5-1-2 コーポさくら,台東区,,0,OPERATIONAL,https://www.google.com/maps/search/?api=1&query_place_id=ChIpaOUPa6uUR0EkXHgr5DLOzhC
C,45.0,2026-02-25,ChITwY2591aivvizm5OfORbfBYV,Rosa Lounge Ginza,東京都千代田区麹町三丁目1-2-3 □□タワー,千代田区,,0,OPERATIONAL,https://www.google.com/maps/search/?api=1&query_place_id=ChITwY2591aivvizm5OfORbfBYV
C,45.0,2026-02-25,ChISgtRa1eePdjJYM6mgv4I3ERx,Nico Studio Kagurazaka,東京都杉並区高円寺一丁目1-1-9 コーポさくら,杉並区,,0,OPERATIONAL,https://www.google.com/maps/search/?api=1&query_place_id=ChISgtRa1eePdjJYM6mgv4I3ERx
C,45.0,2026-02-25,ChITO8TxStNstfUeWj77yuRSHkr,Haru Lounge Ebisu,東京都豊島区池袋一丁目3-7-1 グリーンハイツ,豊島区,,0,CLOSED_TEMPORARILY,https://www.google.com/maps/search/?api=1&query_place_id=ChITO8TxStNstfUeWj77yuRSHkr
C,45.0,2026-02-25,ChI6LorbjfDW8pqYyhUsaaJTYLw,Haru Works Shibuya,東京都品川区大井町四丁目4-2-6 コーポさくら,品川区,,0,OPERATIONAL,https://www.google.com/maps/search/?api=1&query_place_id=ChI6LorbjfDW8pqYyhUsaaJTYLw
C,43.33,2026-02-24,ChIaUZsSjIMaq8Yrv5LnkTZj1AT,Nalu Atelier Ebisu,東京都新宿区神楽坂四丁目3-7-1 コーポさくら,新宿区,,0,OPERATIONAL,https://www.google.com/maps/search/?api=1&query_place_id=ChIaUZsSjIMaq8Yrv5LnkTZj1AT
C,43.33,2026-02-24,ChIzLHq3BIAWyyPlUBLQDIvahHv,moi Works Omotesando,東京都品川区大井町一丁目4-2-6 □□タワー,品川区,,0,OPERATIONAL,https://www.google.com/maps/search/?api=1&query_place_id=ChIzLHq3BIAWyyPlUBLQDIvahHv
C,43.33,2026-02-24,ChIFgpKl8lJKqnu5mV17kC03BFC,Rosa Room Shibuya,東京都品川区大井町二丁目4-2-6 グリーンハイツ,品川区,,0,OPERATIONAL,https://www.google.com/maps/search/?api=1&query_place_id=ChIFgpKl8lJKqnu5mV17kC03BFC
C,41.67,2026-02-23,ChIiD75E7eCSaLxIxpup9aX5Yc3,Nico Lounge Tokyo,東京都中央区築地二丁目5-1-2 〇〇ビル,中央区,,0,OPERATIONAL,https://www.google.com/maps/search/?api=1&query_place_id=ChIiD75E7eCSaLxIxpup9aX5Yc3
C,41.67,2026-02-23,ChIsZFoiinJRFTFg6NzJiUZlow1,Rosa HAIR Kagurazaka,東京都渋谷区代官山四丁目1-1-9 サンライトビル,渋谷区,,0,OPERATIONAL,https://www.google.com/maps/search/?api=1&query_place_id=ChIsZFoiinJRFTFg6NzJiUZlow1
C,40.0,2026-02-22,ChImUfBH7X41zTPDP4k8FFuf0Ew,Haru Beauty Ginza,東京都世田谷区下北沢四丁目4-2-6 〇〇ビル,世田谷区,,0,CLOSED_TEMPORARILY,https://www.google.com/maps/search/?api=1&query_place_id=ChImUfBH7X41zTPDP4k8FFuf0Ew
C,40.0,2026-02-22,ChIY3C2eOM06dWT0y3OOBqMZVR3,moi Room Kichijoji,東京都江東区門前仲町一丁目5-1-2 〇〇ビル,江東区,,0,OPERATIONAL,https://www.google.com/maps/search/?api=1&query_place_id=ChIY3C2eOM06dWT0y3OOBqMZVR3
C,40.0,2026-02-22,ChIuJa3pJEeyQVnsZpF2V2r2iY9,Sora Works,東京都杉並区高円寺四丁目1-1-9 〇〇ビル,杉並区,,0,OPERATIONAL,https://www.google.com/maps/search/?api=1&query_place_id=ChIuJa3pJEeyQVnsZpF2V2r2iY9
C,40.0,2026-02-22,ChIO1AwBTdruibiY0OPdWJRM74u,moi Salon Ebisu,東京都荒川区西日暮里四丁目2-5-8 コーポさくら,荒川区,,0,OPERATIONAL,https://www.google.com/maps/search/?api=1&query_place_id=ChIO1AwBTdruibiY0OPdWJRM74u
C,38.33,2026-02-21,ChIIeqHk8NdsQxXKmm9vtHx0K9T,moi Salon Kagurazaka,東京都墨田区錦糸町四丁目2-5-8 △△レジデンス,墨田区,,0,OPERATIONAL,https://www.google.com/maps/search/?api=1&query_place_id=ChIIeqHk8NdsQxXKmm9vtHx0K9T
C,38.33,2026-02-21,ChIsZ8RgifcFmC4bvUmQBFO9r13,Noa Salon Kagurazaka,東京都杉並区高円寺三丁目5-1-2 □□タワー,杉並区,,0,OPERATIONAL,https://www.google.com/maps/search/?api=1&query_place_id=ChIsZ8RgifcFmC4bvUmQBFO9r13
C,36.89,2026-02-15,ChIRTRfJEKbRaTeyEXQ8PuofmnM,Kuu HAIR Ginza,東京都北区赤羽三丁目2-5-8 △△レジデンス,北区,3.9,4,CLOSED_TEMPORARILY,https://www.google.com/maps/search/?api=1&query_place_id=ChIRTRfJEKbRaTeyEXQ8PuofmnM
C,36.67,2026-02-20,ChImdhQj38AruHr4iwRxpVHSbKd,Lumi Room Ginza,東京都中野区野方1-1-9 サンライトビル,中野区,,0,OPERATIONAL,https://www.google.com/maps/search/?api=1&query_place_id=ChImdhQj38AruHr4iwRxpVHSbKd
C,36.67,2026-02-20,ChIQCwpMSW3xD3pVRHzXb4Zvc59,Nico Studio Ginza,東京都目黒区学芸大学三丁目4-2-6 サンライトビル,目黒区,,0,OPERATIONAL,https://www.google.com/maps/search/?api=1&query_place_id=ChIQCwpMSW3xD3pVRHzXb4Zvc59
C,36.67,2026-02-20,ChIM0Y9jgpfarfat1cfKFkBywOS,Lumi Room Shibuya,東京都中央区月島1-1-9 △△レジデンス,中央区,,0,OPERATIONAL,https://www.google.com/maps/search/?api=1&query_place_id=ChIM0Y9jgpfarfat1cfKFkBywOS
C,35.0,2026-02-19,ChIrIUHPTHLXsJgYamIkYbLfois,Rosa Beauty Ginza,東京都江戸川区葛西四丁目4-2-6 〇〇ビル,江戸川区,,0,OPERATIONAL,https://www.google.com/maps/search/?api=1&query_place_id=ChIrIUHPTHLXsJgYamIkYbLfois
C,34.25,2026-02-05,ChIsoBmeQ9pyxlkOuDleKhounx1,Nico Beauty Shibuya,東京都中野区野方二丁目5-1-2 ルミエール,中野区,4.5,12,CLOSED_TEMPORARILY,https://www.google.com/maps/search/?api=1&query_place_id=ChIsoBmeQ9pyxlkOuDleKhounx1
C,31.67,2026-02-17,ChI03pmITUm8sMeUL9Z9USvsof9,Noa Atelier Kichijoji,東京都大田区大森二丁目1-1-9 ルミエール,大田区,,0,OPERATIONAL,https://www.google.com/maps/search/?api=1&query_place_id=ChI03pmITUm8sMeUL9Z9USvsof9
C,26.67,2026-02-14,ChITdEsDKcaedNVmJU3tUu3WZIw,Sora HAIR Kichijoji,東京都目黒区自由が丘一丁目5-1-2 サンライトビル,目黒区,,0,OPERATIONAL,https://www.google.com/maps/search/?api=1&query_place_id=ChITdEsDKcaedNVmJU3tUu3WZIw
C,26.67,2026-02-14,ChIrxjB8ud8tNczS1sE02yyarfI,Rosa Room Shibuya,東京都板橋区板橋四丁目4-2-6 △△レジデンス,板橋区,,0,OPERATIONAL,https://www.google.com/maps/search/?api=1&query_place_id=ChIrxjB8ud8tNczS1sE02yyarfI
C,23.33,2026-02-12,ChIwot3GcKsT5BCUyDSWXbJPhak,Rosa Beauty Ginza,東京都江東区東陽町1-1-9 〇〇ビル,江東区,,0,OPERATIONAL,https://www.google.com/maps/search/?api=1&query_place_id=ChIwot3GcKsT5BCUyDSWXbJPhak
C,20.0,2026-02-10,ChIA2GbI4QuXwZXCZDkjMXjSEYg,Kuu Room Tokyo,東京都足立区西新井三丁目3-7-1 グリーンハイツ,足立区,,0,OPERATIONAL,https://www.google.com/maps/search/?api=1&query_place_id=ChIA2GbI4QuXwZXCZDkjMXjSEYg
C,16.07,2026-02-06,ChIS2yGgxi1v4hCqV4xnImYJKL1,Mimi Beauty Omotesando,東京都墨田区錦糸町一丁目2-5-8 〇〇ビル,墨田区,3.6,2,OPERATIONAL,https://www.google.com/maps/search/?api=1&query_place_id=ChIS2yGgxi1v4hCqV4xnImYJKL1
C,15.0,2026-02-07,ChI9zye51MXr8kcdxSxYgha9K0M,Noa Beauty Kagurazaka,東京都杉並区高円寺四丁目2-5-8 □□タワー,杉並区,,0,OPERATIONAL,https://www.google.com/maps/search/?api=1&query_place_id=ChI9zye51MXr8kcdxSxYgha9K0M
